"Title","Subtitle","CELEX number","Current consolidated version","Latest consolidated version","LP_Legal basis","ELI","Form","EUROVOC descriptor","ECLI identifier","Subject matter","Directory code","Case-Law directory code (before Lisbon)","Case-Law directory code (after Lisbon)","Legal basis","Transposed legal act(s)","Rectified by","Type of procedure","Collection of the document","Date of document","Date of publication","Author","Date of effect","Date of end of validity","Date of transposition","Applicant/Appellant","Defendant/Other parties to the proceedings","In force indicator","Publication Reference",
"Regulation (EU) 2022/869 of the European Parliament and of the Council of 30 May 2022 on guidelines for trans-European energy infrastructure, amending Regulations (EC) No 715/2009, (EU) 2019/942 and (EU) 2019/943 and Directives 2009/73/EC and (EU) 2019/944, and repealing Regulation (EU) No 347/2013","PE/2/2022/REV/1","32022R0869","","","","http://data.europa.eu/eli/reg/2022/869/oj","Regulation","energy cooperation, trans-European network, carbon neutrality, project of common interest, security of supply, energy grid, EU energy policy, electrical energy, gas supply, electricity supply","","Trans-European networks, Energy","Industrial policy and internal market, Energy, Trans-European networks, General principles and programmes","","","https://eur-lex.europa.eu/legal-content/AUTO/?uri=CELEX:12016E172","","","","ALL_ALL, PUBLISHED_IN_OJ, EU_LAW_ALL, LEGISLATION","2022-05-30","2022-06-03","Council of the European Union, European Parliament","2022-06-23","No end date","","","","true","OJ L 152, 03/06/2022, p. 45–102
		 (BG, ES, CS, DA, DE, ET, EL, EN, FR, GA, HR, IT, LV, LT, HU, MT, NL, PL, PT, RO, SK, SL, FI, SV)",
"Regulation (EU) 2020/740 of the European Parliament and of the Council of 25 May 2020 on the labelling of tyres with respect to fuel efficiency and other parameters, amending Regulation (EU) 2017/1369 and repealing Regulation (EC) No 1222/2009 (Text with EEA relevance)","PE/3/2020/INIT","32020R0740","2020-06-05","2020-06-05","","http://data.europa.eu/eli/reg/2020/740/oj","Regulation","pneumatic tyre, European standard, energy consumption, energy efficiency, energy saving, environmental protection, motor fuel, consumer information, labelling","","Technical barriers, Consumer protection, Protocol on Ireland/Northern Ireland, Energy, Annex 2 Provisions of Union law referred to in Article 5(4), Environment, energy efficiency","Environment, consumers and health protection, Energy, Consumers, General principles and programmes, Consumer information, education and representation, Rational utilisation and conservation of energy","","","https://eur-lex.europa.eu/legal-content/AUTO/?uri=CELEX:12016E194, https://eur-lex.europa.eu/legal-content/AUTO/?uri=CELEX:12016E114","","","","ALL_ALL, PUBLISHED_IN_OJ, EU_LAW_ALL, LEGISLATION","2020-05-25","2020-06-05","Council of the European Union, European Parliament","2020-06-25, 2021-05-01","No end date","","","","true","OJ L 177, 05/06/2020, p. 1–31
		 (BG, ES, CS, DA, DE, ET, EL, EN, FR, GA, HR, IT, LV, LT, HU, MT, NL, PL, PT, RO, SK, SL, FI, SV)",
"Regulation (EU) 2019/942 of the European Parliament and of the Council of 5 June 2019 establishing a European Union Agency for the Cooperation of Energy Regulators (recast) (Text with EEA relevance.)","PE/83/2018/REV/1","32019R0942","2022-06-23","2022-06-23","","http://data.europa.eu/eli/reg/2019/942/oj","Regulation","European Union Agency for the Cooperation of Energy Regulators, energy cooperation, operation of the Institutions","","Protocol on Ireland/Northern Ireland, Energy, Provisions governing the Institutions, Annex 4 Provisions of Union law referred to in Article 9","Energy, General, financial and institutional matters, General principles and programmes, Provisions governing the institutions","","","https://eur-lex.europa.eu/legal-content/AUTO/?uri=CELEX:12016E194","","","","ALL_ALL, PUBLISHED_IN_OJ, EU_LAW_ALL, LEGISLATION","2019-06-05","2019-06-14","European Parliament, Council of the European Union","2019-07-04","No end date","","","","true","OJ L 158, 14/06/2019, p. 22–53
		 (BG, ES, CS, DA, DE, ET, EL, EN, FR, GA, HR, IT, LV, LT, HU, MT, NL, PL, PT, RO, SK, SL, FI, SV)",
"Regulation (EU) 2019/943 of the European Parliament and of the Council of 5 June 2019 on the internal market for electricity (recast) (Text with EEA relevance.)","PE/9/2019/REV/1","32019R0943","2022-06-23","2022-06-23","","http://data.europa.eu/eli/reg/2019/943/oj","Regulation","single market, European Union Agency for the Cooperation of Energy Regulators, security of supply, electricity supply, European cooperation, electrical energy, energy policy, energy cooperation, renewable energy","","Internal market - Principles, Protocol on Ireland/Northern Ireland, Energy, Approximation of laws, Annex 4 Provisions of Union law referred to in Article 9","Industrial policy and internal market, Energy, Internal market: approximation of laws, Electricity, Other sectors for approximation of laws","","","https://eur-lex.europa.eu/legal-content/AUTO/?uri=CELEX:12016E194","","","","ALL_ALL, PUBLISHED_IN_OJ, EU_LAW_ALL, LEGISLATION","2019-06-05","2019-06-14","European Parliament, Council of the European Union","2019-07-04, 2020-01-01","No end date","","","","true","OJ L 158, 14/06/2019, p. 54–124
		 (BG, ES, CS, DA, DE, ET, EL, EN, FR, GA, HR, IT, LV, LT, HU, MT, NL, PL, PT, RO, SK, SL, FI, SV)",
"Regulation (EU) 2019/941 of the European Parliament and of the Council of 5 June 2019 on risk-preparedness in the electricity sector and repealing Directive 2005/89/EC (Text with EEA relevance.)","PE/73/2018/REV/1","32019R0941","","","","http://data.europa.eu/eli/reg/2019/941/oj","Regulation","electricity supply, electrical energy, energy grid, security of supply, approximation of laws, energy crisis, energy cooperation","","Energy, Approximation of laws","Industrial policy and internal market, Energy, Internal market: approximation of laws, Electricity, Other sectors for approximation of laws","","","https://eur-lex.europa.eu/legal-content/AUTO/?uri=CELEX:12016E194","","","","ALL_ALL, PUBLISHED_IN_OJ, EU_LAW_ALL, LEGISLATION","2019-06-05","2019-06-14","European Parliament, Council of the European Union","2019-07-04","No end date","","","","true","OJ L 158, 14/06/2019, p. 1–21
		 (BG, ES, CS, DA, DE, ET, EL, EN, FR, GA, HR, IT, LV, LT, HU, MT, NL, PL, PT, RO, SK, SL, FI, SV)",
"Regulation (EU) 2018/1999 of the European Parliament and of the Council of 11 December 2018 on the Governance of the Energy Union and Climate Action, amending Regulations (EC) No 663/2009 and (EC) No 715/2009 of the European Parliament and of the Council, Directives 94/22/EC, 98/70/EC, 2009/31/EC, 2009/73/EC, 2010/31/EU, 2012/27/EU and 2013/30/EU of the European Parliament and of the Council, Council Directives 2009/119/EC and (EU) 2015/652 and repealing Regulation (EU) No 525/2013 of the European Parliament and of the Council (Text with EEA relevance.)","PE/55/2018/REV/1","32018R1999","2023-05-16","2023-05-16","","http://data.europa.eu/eli/reg/2018/1999/oj","Regulation","energy research, greenhouse gas, reduction of gas emissions, single market, energy diversification, adaptation to climate change, energy cooperation, renewable energy, EU energy policy, energy efficiency","","Environment, Energy","Energy, General principles and programmes","","","https://eur-lex.europa.eu/legal-content/AUTO/?uri=CELEX:12016E194, https://eur-lex.europa.eu/legal-content/AUTO/?uri=CELEX:12016E192","","","","ALL_ALL, PUBLISHED_IN_OJ, EU_LAW_ALL, LEGISLATION","2018-12-11","2018-12-21","European Parliament, Council of the European Union","2021-01-01, 2018-12-24","No end date, 2024-12-31, 2025-10-11","","","","true","OJ L 328, 21/12/2018, p. 1–77
		 (BG, ES, CS, DA, DE, ET, EL, EN, FR, GA, HR, IT, LV, LT, HU, MT, NL, PL, PT, RO, SK, SL, FI, SV)",
"Regulation (EU) 2017/1938 of the European Parliament and of the Council of 25 October 2017 concerning measures to safeguard the security of gas supply and repealing Regulation (EU) No 994/2010 (Text with EEA relevance. )","","32017R1938","2022-07-01","2022-07-01","","http://data.europa.eu/eli/reg/2017/1938/oj","Regulation","self-sufficiency in energy, action programme, EU Member State, energy efficiency, gas pipeline, gas industry, gas supply, third country, gas, security of supply","","Energy","Energy, Oil and gas, Supplies and stocks","","","https://eur-lex.europa.eu/legal-content/AUTO/?uri=CELEX:12016E194","","","","ALL_ALL, PUBLISHED_IN_OJ, EU_LAW_ALL, LEGISLATION","2017-10-25","2017-10-28","Council of the European Union, European Parliament","2018-12-01, 2017-11-01","2025-12-31, No end date","","","","true","OJ L 280, 28/10/2017, p. 1–56
		 (BG, ES, CS, DA, DE, ET, EL, EN, FR, GA, HR, IT, LV, LT, HU, MT, NL, PL, PT, RO, SK, SL, FI, SV)",
"Regulation (EU) 2017/1369 of the European Parliament and of the Council of 4 July 2017 setting a framework for energy labelling and repealing Directive 2010/30/EU (Text with EEA relevance. )","","32017R1369","2021-05-01","2021-05-01","","http://data.europa.eu/eli/reg/2017/1369/oj","Regulation","consumer information, energy consumption, European standard, labelling, market approval, energy saving, environmental protection, energy efficiency","","Protocol on Ireland/Northern Ireland, Environment, Energy, Technical barriers, Annex 2 Provisions of Union law referred to in Article 5(4), Environment, energy efficiency","Industrial policy and internal market, Energy, Environment, consumers and health protection, Internal market: approximation of laws, General principles and programmes, Consumers, Other sectors for approximation of laws, Rational utilisation and conservation of energy, Consumer information, education and representation","","","https://eur-lex.europa.eu/legal-content/AUTO/?uri=CELEX:12016E194","","","","ALL_ALL, PUBLISHED_IN_OJ, EU_LAW_ALL, LEGISLATION","2017-07-04","2017-07-28","European Parliament, Council of the European Union","2019-01-01, 2017-08-01","No end date","","","","true","OJ L 198, 28/07/2017, p. 1–23
		 (BG, ES, CS, DA, DE, ET, EL, EN, FR, GA, HR, IT, LV, LT, HU, MT, NL, PL, PT, RO, SK, SL, FI, SV)",
"Regulation (EU) 2016/1952 of the European Parliament and of the Council of 26 October 2016 on European statistics on natural gas and electricity prices and repealing Directive 2008/92/EC (Text with EEA relevance)","","32016R1952","","","","http://data.europa.eu/eli/reg/2016/1952/oj","Regulation","single market, electrical energy, publishing of prices, natural gas, data collection, data transmission, EU statistics, household consumption, price of energy, energy consumption","","Information and verification, Energy, Internal market - Principles","Energy, Energy, Energy, Statistics, Oil and gas, Electricity, Other measures relating to oil or gas","","","https://eur-lex.europa.eu/legal-content/AUTO/?uri=CELEX:12016E338","","","","ALL_ALL, PUBLISHED_IN_OJ, EU_LAW_ALL, LEGISLATION","2016-10-26","2016-11-17","European Parliament, Council of the European Union","2016-12-07","No end date","","","","true","OJ L 311, 17/11/2016, p. 1–12
		 (BG, ES, CS, DA, DE, ET, EL, EN, FR, GA, HR, IT, LV, LT, HU, MT, NL, PL, PT, RO, SK, SL, FI, SV)",
"Regulation (EU) No 347/2013 of the European Parliament and of the Council of 17 April 2013 on guidelines for trans-European energy infrastructure and repealing Decision No 1364/2006/EC and amending Regulations (EC) No 713/2009, (EC) No 714/2009 and (EC) No 715/2009  Text with EEA relevance","","32013R0347","2022-04-28","2022-04-28","","http://data.europa.eu/eli/reg/2013/347/oj","Regulation","energy cooperation, project of common interest, energy grid, trans-European network","","Trans-European networks, Energy","Energy, Industrial policy and internal market, General principles and programmes, Trans-European networks","","","https://eur-lex.europa.eu/legal-content/AUTO/?uri=CELEX:12012E172, https://eur-lex.europa.eu/legal-content/AUTO/?uri=CELEX:12012E294","","","","ALL_ALL, PUBLISHED_IN_OJ, EU_LAW_ALL, LEGISLATION","2013-04-17","2013-04-25, 2014-10-07","Council of the European Union, European Parliament","1001-01-01, 2013-05-15, 2013-06-01","2022-06-22, Not known","","","","true","OJ L 115, 25/04/2013, p. 39–75
		 (BG, ES, CS, DA, DE, ET, EL, EN, FR, GA, IT, LV, LT, HU, MT, NL, PL, PT, RO, SK, SL, FI, SV), This document has been published in a special edition(s) (
           		HR)
		",
"Regulation (EU) No 1227/2011 of the European Parliament and of the Council of 25 October 2011 on wholesale energy market integrity and transparency  Text with EEA relevance","","32011R1227","","","","http://data.europa.eu/eli/reg/2011/1227/oj","Regulation","price of energy, restriction on competition, insider trading, disclosure of information, wholesale trade, tradeable emission permit, energy production, intergovernmental cooperation (EU), administrative transparency, single market, energy supply, market supervision","","Energy, Protocol on Ireland/Northern Ireland, Competition, Agreements, decisions and concerted practices, Annex 4 Provisions of Union law referred to in Article 9","Energy, General principles and programmes","","","https://eur-lex.europa.eu/legal-content/AUTO/?uri=CELEX:12010E294, https://eur-lex.europa.eu/legal-content/AUTO/?uri=CELEX:12010E194","","","","ALL_ALL, PUBLISHED_IN_OJ, EU_LAW_ALL, LEGISLATION","2011-10-25","2011-12-08, 2013-05-24","Council of the European Union, European Parliament","1001-01-01, 2011-12-28","No end date","","","","true","OJ L 326, 08/12/2011, p. 1–16
		 (BG, ES, CS, DA, DE, ET, EL, EN, FR, GA, IT, LV, LT, HU, MT, NL, PL, PT, RO, SK, SL, FI, SV), This document has been published in a special edition(s) (
           		HR)
		",
"Regulation (EC) No 715/2009 of the European Parliament and of the Council of 13 July 2009 on conditions for access to the natural gas transmission networks and repealing Regulation (EC) No 1775/2005 (Text with EEA relevance)","","32009R0715","2022-07-01","2022-07-01","","http://data.europa.eu/eli/reg/2009/715/oj","Regulation","market access, energy transport, gas pipeline, natural gas, energy grid, gas supply","","Energy, Internal market - Principles","Energy, Oil and gas, Other measures relating to oil or gas","","","https://eur-lex.europa.eu/legal-content/AUTO/?uri=CELEX:12006E251, https://eur-lex.europa.eu/legal-content/AUTO/?uri=CELEX:12006E095","","","","ALL_ALL, PUBLISHED_IN_OJ, EU_LAW_ALL, LEGISLATION","2009-07-13","2009-08-14, 2014-10-07","Council of the European Union, European Parliament","2011-03-03, 2009-09-03","No end date","","","","true","OJ L 211, 14/08/2009, p. 36–54
		 (BG, ES, CS, DA, DE, ET, EL, EN, FR, GA, IT, LV, LT, HU, MT, NL, PL, PT, RO, SK, SL, FI, SV), This document has been published in a special edition(s) (
           		HR)
		",
"Regulation (EC) No 663/2009 of the European Parliament and of the Council of 13 July 2009 establishing a programme to aid economic recovery by granting Community financial assistance to projects in the field of energy","","32009R0663","2018-12-24","2018-12-24","","http://data.europa.eu/eli/reg/2009/663/oj","Regulation","economic support, gas, electrical energy, economic recovery, energy resources, project of common interest","","Economic policy, Energy","Economic and monetary policy and free movement of capital, Energy, Economic policy, General principles and programmes","","","https://eur-lex.europa.eu/legal-content/AUTO/?uri=CELEX:12006E156, https://eur-lex.europa.eu/legal-content/AUTO/?uri=CELEX:12006E251, https://eur-lex.europa.eu/legal-content/AUTO/?uri=CELEX:12006E175","","","","ALL_ALL, PUBLISHED_IN_OJ, EU_LAW_ALL, LEGISLATION","2009-07-13","2009-07-31, 2012-10-20","European Parliament, Council of the European Union","2009-08-01","No end date","","","","true","OJ L 200, 31/07/2009, p. 31–45
		 (BG, ES, CS, DA, DE, ET, EL, EN, FR, GA, IT, LV, LT, HU, MT, NL, PL, PT, RO, SK, SL, FI, SV), This document has been published in a special edition(s) (
           		HR)
		",
"Regulation (EC) No 1099/2008 of the European Parliament and of the Council of 22 October 2008 on energy statistics (Text with EEA relevance)","","32008R1099","2022-02-20","2022-02-20","","http://data.europa.eu/eli/reg/2008/1099/oj","Regulation","EU statistics, energy policy, Eurostat","","Energy","Energy, Statistics","","","https://eur-lex.europa.eu/legal-content/AUTO/?uri=CELEX:12006E285, https://eur-lex.europa.eu/legal-content/AUTO/?uri=CELEX:12006E251","","","","ALL_ALL, PUBLISHED_IN_OJ, EU_LAW_ALL, LEGISLATION","2008-10-22","2008-11-14, 2012-05-16","Council of the European Union, European Parliament","2008-12-04","No end date","","","","true","OJ L 304, 14/11/2008, p. 1–62
		 (BG, ES, CS, DA, DE, ET, EL, EN, FR, GA, IT, LV, LT, HU, MT, NL, PL, PT, RO, SK, SL, FI, SV), This document has been published in a special edition(s) (
           		HR)
		",
"Commission Regulation (EU) 2023/1670 of 16 June 2023 laying down ecodesign requirements for smartphones, mobile phones other than smartphones, cordless phones and slate tablets pursuant to Directive 2009/125/EC of the European Parliament and of the Council and amending Commission Regulation (EU) 2023/826 (Text with EEA relevance)","C/2023/3538","32023R1670","","","","http://data.europa.eu/eli/reg/2023/1670/oj","Regulation","energy consumption, mobile phone, eco-label, energy efficiency, smart technology, market approval, energy saving, ecodesign, micro-computer, marketing standard","","Protocol on Ireland/Northern Ireland, Energy, Internal market - Principles, Annex 2 Provisions of Union law referred to in Article 5(4), Environment, energy efficiency","Industrial policy and internal market, Environment, consumers and health protection, Energy, Internal market: approximation of laws, Consumers, General principles and programmes, Other sectors for approximation of laws, Consumer information, education and representation, Rational utilisation and conservation of energy","","","https://eur-lex.europa.eu/legal-content/AUTO/?uri=CELEX:32009L0125","","","","ALL_ALL, PUBLISHED_IN_OJ, EU_LAW_ALL, LEGISLATION","2023-06-16","2023-08-31","Directorate-General for Internal Market, Industry, Entrepreneurship and SMEs, European Commission","2025-06-20, 2023-09-20","No end date","","","","true","OJ L 214, 31/08/2023, p. 47–93
		 (BG, ES, CS, DA, DE, ET, EL, EN, FR, GA, HR, IT, LV, LT, HU, MT, NL, PL, PT, RO, SK, SL, FI, SV)",
"Commission Regulation (EU) 2023/826 of 17 April 2023 laying down ecodesign requirements for off mode, standby mode, and networked standby energy consumption of electrical and electronic household and office equipment pursuant to Directive 2009/125/EC of the European Parliament and of the Council and repealing Commission Regulations (EC) No 1275/2008 and (EC) No 107/2009 (Text with EEA relevance)","C/2023/2448","32023R0826","","","","http://data.europa.eu/eli/reg/2023/826/oj","Regulation","household electrical appliance, electronic equipment, ecodesign, electrical equipment, office equipment, energy saving, market approval, electronic device, eco-label, energy efficiency, energy consumption","","Energy, Internal market - Principles","Energy, Industrial policy and internal market, General principles and programmes, Internal market: approximation of laws, Rational utilisation and conservation of energy, Other sectors for approximation of laws","","","https://eur-lex.europa.eu/legal-content/AUTO/?uri=CELEX:32009L0125","","","","ALL_ALL, PUBLISHED_IN_OJ, EU_LAW_ALL, LEGISLATION","2023-04-17","2023-04-18","European Commission, Directorate-General for Energy","2023-05-08, 2025-05-09","No end date","","","","true","OJ L 103, 18/04/2023, p. 29–47
		 (BG, ES, CS, DA, DE, ET, EL, EN, FR, GA, HR, IT, LV, LT, HU, MT, NL, PL, PT, RO, SK, SL, FI, SV)",
"Council Regulation (EU) 2022/2576 of 19 December 2022 enhancing solidarity through better coordination of gas purchases, reliable price benchmarks and exchanges of gas across borders","ST/14065/2022/INIT","32022R2576","","","","http://data.europa.eu/eli/reg/2022/2576/oj","Regulation","security of supply, natural gas, EU energy policy, gas supply, purchase, energy market, cross-border cooperation, energy cooperation, energy crisis","","Energy","Energy, Energy, Oil and gas, Oil and gas, Other measures relating to oil or gas, Supplies and stocks","","","https://eur-lex.europa.eu/legal-content/AUTO/?uri=CELEX:12016E122","","","","ALL_ALL, PUBLISHED_IN_OJ, EU_LAW_ALL, LEGISLATION","2022-12-19","2022-12-29","Council of the European Union","2022-12-30, 2023-03-31","2023-12-30","","","","true","OJ L 335, 29/12/2022, p. 1–35
		 (BG, ES, CS, DA, DE, ET, EL, EN, FR, GA, HR, IT, LV, LT, HU, MT, NL, PL, PT, RO, SK, SL, FI, SV)",
"Council Regulation (EU) 2022/2577 of 22 December 2022 laying down a framework to accelerate the deployment of renewable energy","ST/14787/2022/INIT","32022R2577","","","","http://data.europa.eu/eli/reg/2022/2577/oj","Regulation","security of supply, energy production, heat pump, renewable resources, energy efficiency, renewable energy, price of energy, carbon neutrality, energy crisis","","Energy, Environment","Environment, consumers and health protection, Energy, Environment, Other sources of energy, Space, environment and natural resources","","","https://eur-lex.europa.eu/legal-content/AUTO/?uri=CELEX:12016E122","","","","ALL_ALL, PUBLISHED_IN_OJ, EU_LAW_ALL, LEGISLATION","2022-12-22","2022-12-29","Council of the European Union","2022-12-30","2024-06-30","","","","true","OJ L 335, 29/12/2022, p. 36–44
		 (BG, ES, CS, DA, DE, ET, EL, EN, FR, GA, HR, IT, LV, LT, HU, MT, NL, PL, PT, RO, SK, SL, FI, SV)",
"Council Regulation (EU) 2022/2578 of 22 December 2022 establishing a market correction mechanism to protect Union citizens and the economy against excessively high prices","ST/15202/2022/INIT","32022R2578","","","","http://data.europa.eu/eli/reg/2022/2578/oj","Regulation","price formation, natural gas, economy, energy demand, price increase, security of supply, commodities exchange, consumer protection, EU energy policy, price of energy","","Energy, Prices","Energy, Oil and gas, Supplies and stocks","","","https://eur-lex.europa.eu/legal-content/AUTO/?uri=CELEX:12016E122","","","","ALL_ALL, PUBLISHED_IN_OJ, EU_LAW_ALL, LEGISLATION","2022-12-22","2022-12-29","Council of the European Union","2023-02-01, 2023-01-01, 2023-02-15","2024-02-01","","","","true","OJ L 335, 29/12/2022, p. 45–60
		 (BG, ES, CS, DA, DE, ET, EL, EN, FR, GA, HR, IT, LV, LT, HU, MT, NL, PL, PT, RO, SK, SL, FI, SV)",
"Council Regulation (EU) 2022/1854 of 6 October 2022 on an emergency intervention to address high energy prices","ST/12521/2022/INIT","32022R1854","","","","http://data.europa.eu/eli/reg/2022/1854/oj","Regulation","energy efficiency, energy consumption, crisis management, price of energy, energy crisis, natural gas, consumer protection, security of supply, electrical energy, energy saving, EU energy policy","","Energy, Prices","Energy, General principles and programmes","","","https://eur-lex.europa.eu/legal-content/AUTO/?uri=CELEX:12016E122","","","","ALL_ALL, PUBLISHED_IN_OJ, EU_LAW_ALL, LEGISLATION","2022-10-06","2022-10-07","Council of the European Union","2022-12-01, 2022-10-08","2023-12-31, 2023-03-31, 2024-10-15, 2023-06-30","","","","true","OJ L 261I , 07/10/2022, p. 1–21
		 (BG, ES, CS, DA, DE, ET, EL, EN, FR, GA, HR, IT, LV, LT, HU, MT, NL, PL, PT, RO, SK, SL, FI, SV)",
"Council Regulation (EU) 2022/1369 of 5 August 2022 on coordinated demand-reduction measures for gas","ST/11568/2022/INIT","32022R1369","2023-04-01","2023-04-01","","http://data.europa.eu/eli/reg/2022/1369/oj","Regulation","security of supply, natural gas, energy demand, gas supply, energy saving, EU energy policy, energy consumption, EU Member State, self-sufficiency in energy, energy crisis","","Energy","Energy, Oil and gas, Supplies and stocks","","","https://eur-lex.europa.eu/legal-content/AUTO/?uri=CELEX:12016E122","","","","ALL_ALL, PUBLISHED_IN_OJ, EU_LAW_ALL, LEGISLATION","2022-08-05","2022-08-08","Council of the European Union","2022-08-09","2024-03-31","","","","true","OJ L 206, 08/08/2022, p. 1–10
		 (BG, ES, CS, DA, DE, ET, EL, EN, FR, GA, HR, IT, LV, LT, HU, MT, NL, PL, PT, RO, SK, SL, FI, SV)",
"Council Regulation (Euratom) 2021/765 of 10 May 2021 establishing the Research and Training Programme of the European Atomic Energy Community for the period 2021-2025 complementing Horizon Europe – the Framework Programme for Research and Innovation and repealing Regulation (Euratom) 2018/1563","ST/5215/2021/INIT","32021R0765","","","","http://data.europa.eu/eli/reg/2021/765/oj","Regulation","vocational training, EU programme, Framework Programme for Research and Development, nuclear research, EU research policy, nuclear technology, nuclear safety, EAEC, research and development, innovation","","Research and technological development, Nuclear common market","Energy, Nuclear energy, Nuclear research","","","https://eur-lex.europa.eu/legal-content/AUTO/?uri=CELEX:12016A007","","","","ALL_ALL, PUBLISHED_IN_OJ, EU_LAW_ALL, LEGISLATION","2021-05-10","2021-05-12","Council of the European Union","2021-01-01, 2021-05-12","No end date","","","","true","OJ L 167I , 12/05/2021, p. 81–100
		 (BG, ES, CS, DA, DE, ET, EL, EN, FR, GA, HR, IT, LV, LT, HU, MT, NL, PL, PT, RO, SK, SL, FI, SV)",
"Council Regulation (Euratom) 2021/100 of 25 January 2021 establishing a dedicated financial programme for the decommissioning of nuclear facilities and the management of radioactive waste, and repealing Regulation (Euratom) No 1368/2013","","32021R0100","","","","http://data.europa.eu/eli/reg/2021/100/oj","Regulation","EU programme, Vratza region, nuclear safety, decommissioning of power stations, Trenčín region, nuclear power station, Bulgaria, radioactive waste, Slovakia, storage of waste, principle of additionality","","Nuclear common market","Energy, Environment, consumers and health protection, Energy, Nuclear energy, Environment, Nuclear energy, Power stations and joint undertakings, Pollution and nuisances, Safeguards, Nuclear safety and radioactive waste","","","https://eur-lex.europa.eu/legal-content/AUTO/?uri=CELEX:12016A203","","","","ALL_ALL, PUBLISHED_IN_OJ, EU_LAW_ALL, LEGISLATION","2021-01-25","2021-02-01","Council of the European Union","2021-01-01, 2021-02-21","No end date","","","","true","OJ L 34, 01/02/2021, p. 3–17
		 (BG, ES, CS, DA, DE, ET, EL, EN, FR, GA, HR, IT, LV, LT, HU, MT, NL, PL, PT, RO, SK, SL, FI, SV)",
"Council Regulation (EU) 2021/101 of 25 January 2021 establishing the nuclear decommissioning assistance programme of the Ignalina nuclear power plant in Lithuania and repealing Regulation (EU) No 1369/2013","","32021R0101","","","","http://data.europa.eu/eli/reg/2021/101/oj","Regulation","EU programme, Lithuania, nuclear safety, decommissioning of power stations, nuclear power station, radioactive waste, Utena county, principle of additionality, storage of waste, nuclear policy","","Nuclear common market","Energy, Environment, consumers and health protection, Energy, Nuclear energy, Environment, Nuclear energy, Power stations and joint undertakings, Pollution and nuisances, Safeguards, Nuclear safety and radioactive waste","","","https://eur-lex.europa.eu/legal-content/AUTO/?uri=CELEX:12003T/PRO/04, https://eur-lex.europa.eu/legal-content/AUTO/?uri=CELEX:12003T056","","","","ALL_ALL, PUBLISHED_IN_OJ, EU_LAW_ALL, LEGISLATION","2021-01-25","2021-02-01","Council of the European Union","2021-01-01, 2021-02-21","No end date","","","","true","OJ L 34, 01/02/2021, p. 18–28
		 (BG, ES, CS, DA, DE, ET, EL, EN, FR, GA, HR, IT, LV, LT, HU, MT, NL, PL, PT, RO, SK, SL, FI, SV)",
"Commission Regulation (EU) 2019/2023 of 1 October 2019 laying down ecodesign requirements for household washing machines and household washer-dryers pursuant to Directive 2009/125/EC of the European Parliament and of the Council, amending Commission Regulation (EC) No 1275/2008 and repealing Commission Regulation (EU) No 1015/2010 (Text with EEA relevance.)","C/2019/2124","32019R2023","2021-05-01","2021-05-01","","http://data.europa.eu/eli/reg/2019/2023/oj","Regulation","labelling, eco-label, energy saving, environmental impact, consumer information, marketing standard, household electrical appliance, energy consumption, energy efficiency","","Energy, Internal market - Principles","Energy, Industrial policy and internal market, General principles and programmes, Internal market: approximation of laws, Rational utilisation and conservation of energy, Other sectors for approximation of laws","","","https://eur-lex.europa.eu/legal-content/AUTO/?uri=CELEX:12016E114, https://eur-lex.europa.eu/legal-content/AUTO/?uri=CELEX:32009L0125","","","","ALL_ALL, PUBLISHED_IN_OJ, EU_LAW_ALL, LEGISLATION","2019-10-01","2019-12-05","Directorate-General for Energy, European Commission","2019-12-25, 2021-03-01","No end date, 2025-05-08","","","","true","OJ L 315, 05/12/2019, p. 285–312
		 (BG, ES, CS, DA, DE, ET, EL, EN, FR, HR, IT, LV, LT, HU, MT, NL, PL, PT, RO, SK, SL, FI, SV)",
"Commission Regulation (EU) 2019/2024 of 1 October 2019 laying down ecodesign requirements for refrigerating appliances with a direct sales function pursuant to Directive 2009/125/EC of the European Parliament and of the Council (Text with EEA relevance.)","C/2019/2127","32019R2024","2021-05-01","2021-05-01","","http://data.europa.eu/eli/reg/2019/2024/oj","Regulation","marketing standard, consumer information, environmental impact, cold store, energy saving, eco-label, labelling, energy efficiency, energy consumption","","Energy, Internal market - Principles","Energy, Industrial policy and internal market, General principles and programmes, Internal market: approximation of laws, Rational utilisation and conservation of energy, Other sectors for approximation of laws","","","https://eur-lex.europa.eu/legal-content/AUTO/?uri=CELEX:12016E114, https://eur-lex.europa.eu/legal-content/AUTO/?uri=CELEX:32009L0125","","","","ALL_ALL, PUBLISHED_IN_OJ, EU_LAW_ALL, LEGISLATION","2019-10-01","2019-12-05","European Commission, Directorate-General for Energy","2019-12-25, 2021-03-01","No end date","","","","true","OJ L 315, 05/12/2019, p. 313–334
		 (BG, ES, CS, DA, DE, ET, EL, EN, FR, HR, IT, LV, LT, HU, MT, NL, PL, PT, RO, SK, SL, FI, SV)",
"Commission Regulation (EU) 2019/2022 of 1 October 2019 laying down ecodesign requirements for household dishwashers pursuant to Directive 2009/125/EC of the European Parliament and of the Council amending Commission Regulation (EC) No 1275/2008 and repealing Commission Regulation (EU) No 1016/2010 (Text with EEA relevance.)","C/2019/2123","32019R2022","2021-05-01","2021-05-01","","http://data.europa.eu/eli/reg/2019/2022/oj","Regulation","labelling, eco-label, environmental impact, energy saving, consumer information, household electrical appliance, marketing standard, energy consumption, energy efficiency","","Energy, Internal market - Principles","Energy, Industrial policy and internal market, General principles and programmes, Internal market: approximation of laws, Rational utilisation and conservation of energy, Other sectors for approximation of laws","","","https://eur-lex.europa.eu/legal-content/AUTO/?uri=CELEX:12016E114, https://eur-lex.europa.eu/legal-content/AUTO/?uri=CELEX:32009L0125","","","","ALL_ALL, PUBLISHED_IN_OJ, EU_LAW_ALL, LEGISLATION","2019-10-01","2019-12-05","Directorate-General for Energy, European Commission","2019-12-25, 2021-03-01","No end date, 2025-05-08","","","","true","OJ L 315, 05/12/2019, p. 267–284
		 (BG, ES, CS, DA, DE, ET, EL, EN, FR, HR, IT, LV, LT, HU, MT, NL, PL, PT, RO, SK, SL, FI, SV)",
"Commission Regulation (EU) 2019/2019 of 1 October 2019 laying down ecodesign requirements for refrigerating appliances pursuant to Directive 2009/125/EC of the European Parliament and of the Council and repealing Commission Regulation (EC) No 643/2009 (Text with EEA relevance.)","C/2019/2120","32019R2019","2021-05-01","2021-05-01","","http://data.europa.eu/eli/reg/2019/2019/oj","Regulation","environmental impact, energy saving, cold store, consumer information, marketing standard, labelling, eco-label, energy consumption, energy efficiency","","Energy, Internal market - Principles","Industrial policy and internal market, Energy, Internal market: approximation of laws, General principles and programmes, Other sectors for approximation of laws, Rational utilisation and conservation of energy","","","https://eur-lex.europa.eu/legal-content/AUTO/?uri=CELEX:12016E114, https://eur-lex.europa.eu/legal-content/AUTO/?uri=CELEX:32009L0125","","","","ALL_ALL, PUBLISHED_IN_OJ, EU_LAW_ALL, LEGISLATION","2019-10-01","2019-12-05","European Commission, Directorate-General for Energy","2019-12-25, 2021-03-01","No end date","","","","true","OJ L 315, 05/12/2019, p. 187–208
		 (BG, ES, CS, DA, DE, ET, EL, EN, FR, HR, IT, LV, LT, HU, MT, NL, PL, PT, RO, SK, SL, FI, SV)",
"Commission Regulation (EU) 2019/2020 of 1 October 2019 laying down ecodesign requirements for light sources and separate control gears pursuant to Directive 2009/125/EC of the European Parliament and of the Council and repealing Commission Regulations (EC) No 244/2009, (EC) No 245/2009 and (EU) No 1194/2012 (Text with EEA relevance.)","C/2019/2121","32019R2020","2021-09-01","2021-09-01","","http://data.europa.eu/eli/reg/2019/2020/oj","Regulation","energy saving, environmental impact, consumer information, marketing standard, labelling, lighting equipment, eco-label, energy consumption, energy efficiency","","Energy, Internal market - Principles","Energy, Industrial policy and internal market, General principles and programmes, Internal market: approximation of laws, Rational utilisation and conservation of energy, Other sectors for approximation of laws","","","https://eur-lex.europa.eu/legal-content/AUTO/?uri=CELEX:12016E114, https://eur-lex.europa.eu/legal-content/AUTO/?uri=CELEX:32009L0125","","","","ALL_ALL, PUBLISHED_IN_OJ, EU_LAW_ALL, LEGISLATION","2019-10-01","2019-12-05","European Commission, Directorate-General for Energy","2021-09-01, 2019-12-25","No end date","","","","true","OJ L 315, 05/12/2019, p. 209–240
		 (BG, ES, CS, DA, DE, ET, EL, EN, FR, HR, IT, LV, LT, HU, MT, NL, PL, PT, RO, SK, SL, FI, SV)",
"Commission Regulation (EU) 2019/2021 of 1 October 2019 laying down ecodesign requirements for electronic displays pursuant to Directive 2009/125/EC of the European Parliament and of the Council, amending Commission Regulation (EC) No 1275/2008 and repealing Commission Regulation (EC) No 642/2009 (Text with EEA relevance.)","C/2019/2122","32019R2021","2021-05-01","2021-05-01","","http://data.europa.eu/eli/reg/2019/2021/oj","Regulation","electronic device, energy efficiency, energy consumption, eco-label, labelling, marketing standard, consumer information, screen, environmental impact, energy saving","","Energy, Internal market - Principles","Energy, Industrial policy and internal market, General principles and programmes, Internal market: approximation of laws, Rational utilisation and conservation of energy, Other sectors for approximation of laws","","","https://eur-lex.europa.eu/legal-content/AUTO/?uri=CELEX:32009L0125, https://eur-lex.europa.eu/legal-content/AUTO/?uri=CELEX:12016E114","","","","ALL_ALL, PUBLISHED_IN_OJ, EU_LAW_ALL, LEGISLATION","2019-10-01","2019-12-05","Directorate-General for Energy, European Commission","2021-03-01, 2019-12-25","2025-05-08, No end date","","","","true","OJ L 315, 05/12/2019, p. 241–266
		 (BG, ES, CS, DA, DE, ET, EL, EN, FR, HR, IT, LV, LT, HU, MT, NL, PL, PT, RO, SK, SL, FI, SV)",
"Commission Regulation (EU) 2019/1781 of 1 October 2019 laying down ecodesign requirements for electric motors and variable speed drives pursuant to Directive 2009/125/EC of the European Parliament and of the Council, amending Regulation (EC) No 641/2009 with regard to ecodesign requirements for glandless standalone circulators and glandless circulators integrated in products and repealing Commission Regulation (EC) No 640/2009 (Text with EEA relevance)","C/2019/2125","32019R1781","2023-01-24","2023-01-24","","http://data.europa.eu/eli/reg/2019/1781/oj","Regulation","technical standard, eco-label, energy saving, market approval, technological change, electric machinery, energy consumption, technical specification, energy efficiency, EC conformity marking","","Environment, Energy","Energy, Industrial policy and internal market, General principles and programmes, Internal market: approximation of laws, Rational utilisation and conservation of energy, Other sectors for approximation of laws","","","https://eur-lex.europa.eu/legal-content/AUTO/?uri=CELEX:12016E114, https://eur-lex.europa.eu/legal-content/AUTO/?uri=CELEX:32009L0125","","","","ALL_ALL, PUBLISHED_IN_OJ, EU_LAW_ALL, LEGISLATION","2019-10-01","2019-10-25","Directorate-General for Energy, European Commission","2021-07-01, 2019-11-14","No end date","","","","true","OJ L 272, 25/10/2019, p. 74–94
		 (BG, ES, CS, DA, DE, ET, EL, EN, FR, HR, IT, LV, LT, HU, MT, NL, PL, PT, RO, SK, SL, FI, SV)",
"Commission Regulation (EU) 2019/1784 of 1 October 2019 laying down ecodesign requirements for welding equipment pursuant to Directive 2009/125/EC of the European Parliament and of the Council (Text with EEA relevance)","C/2019/6843","32019R1784","","","","http://data.europa.eu/eli/reg/2019/1784/oj","Regulation","energy consumption, labelling, eco-label, energy efficiency, technical specification, metalworking, energy saving, environmental impact, consumer information, marketing standard","","Environment, Energy","Energy, Industrial policy and internal market, General principles and programmes, Internal market: approximation of laws, Rational utilisation and conservation of energy, Other sectors for approximation of laws","","","https://eur-lex.europa.eu/legal-content/AUTO/?uri=CELEX:12016E114, https://eur-lex.europa.eu/legal-content/AUTO/?uri=CELEX:32009L0125","","","","ALL_ALL, PUBLISHED_IN_OJ, EU_LAW_ALL, LEGISLATION","2019-10-01","2019-10-25","Directorate-General for Internal Market, Industry, Entrepreneurship and SMEs, European Commission","2021-01-01, 2019-11-14","No end date","","","","true","OJ L 272, 25/10/2019, p. 121–135
		 (BG, ES, CS, DA, DE, ET, EL, EN, FR, HR, IT, LV, LT, HU, MT, NL, PL, PT, RO, SK, SL, FI, SV)",
"Commission Regulation (EU) 2019/1782 of 1 October 2019 laying down ecodesign requirements for external power supplies pursuant to Directive 2009/125/EC of the European Parliament and of the Council and repealing Commission Regulation (EC) No 278/2009 (Text with EEA relevance)","C/2019/2126","32019R1782","","","","http://data.europa.eu/eli/reg/2019/1782/oj","Regulation","energy production, labelling, energy consumption, technical specification, energy efficiency, eco-label, energy saving, marketing standard, household electrical appliance, consumer information","","Environment, Energy","Energy, Industrial policy and internal market, General principles and programmes, Internal market: approximation of laws, Rational utilisation and conservation of energy, Other sectors for approximation of laws","","","https://eur-lex.europa.eu/legal-content/AUTO/?uri=CELEX:12016E114, https://eur-lex.europa.eu/legal-content/AUTO/?uri=CELEX:32009L0125","","","","ALL_ALL, PUBLISHED_IN_OJ, EU_LAW_ALL, LEGISLATION","2019-10-01","2019-10-25","Directorate-General for Energy, European Commission","2020-04-01, 2019-11-14","No end date","","","","true","OJ L 272, 25/10/2019, p. 95–106
		 (BG, ES, CS, DA, DE, ET, EL, EN, FR, HR, IT, LV, LT, HU, MT, NL, PL, PT, RO, SK, SL, FI, SV)",
"Commission Regulation (EU) 2019/424 of 15 March 2019 laying down ecodesign requirements for servers and data storage products pursuant to Directive 2009/125/EC of the European Parliament and of the Council and amending Commission Regulation (EU) No 617/2013 (Text with EEA relevance.)","C/2019/1955","32019R0424","2021-05-01","2021-05-01","","http://data.europa.eu/eli/reg/2019/424/oj","Regulation","environmental impact, energy saving, electrical energy, eco-label, product design, data processing, technical specification, energy efficiency, network server","","Energy, Environment","Energy, General principles and programmes, Rational utilisation and conservation of energy","","","https://eur-lex.europa.eu/legal-content/AUTO/?uri=CELEX:32009L0125","","","","ALL_ALL, PUBLISHED_IN_OJ, EU_LAW_ALL, LEGISLATION","2019-03-15","2019-03-18","European Commission, Directorate-General for Internal Market, Industry, Entrepreneurship and SMEs","2019-04-07, 2020-03-01","No end date","","","","true","OJ L 74, 18/03/2019, p. 46–66
		 (BG, ES, CS, DA, DE, ET, EL, EN, FR, HR, IT, LV, LT, HU, MT, NL, PL, PT, RO, SK, SL, FI, SV)",
"Commission Regulation (EU) 2017/2195 of 23 November 2017 establishing a guideline on electricity balancing (Text with EEA relevance. )","C/2017/7774","32017R2195","2022-06-19","2022-06-19","","http://data.europa.eu/eli/reg/2017/2195/oj","Regulation","energy supply, energy law, electricity supply, energy distribution, electrical energy, energy storage, European Union Agency for the Cooperation of Energy Regulators, security of supply, energy grid, trans-European network","","Energy","Energy, Electricity","","","https://eur-lex.europa.eu/legal-content/AUTO/?uri=CELEX:32009R0714","","","","ALL_ALL, PUBLISHED_IN_OJ, EU_LAW_ALL, LEGISLATION","2017-11-23","2017-11-28","European Commission, Directorate-General for Energy","2017-12-18, 2018-12-18","No end date","","","","true","OJ L 312, 28/11/2017, p. 6–53
		 (BG, ES, CS, DA, DE, ET, EL, EN, FR, HR, IT, LV, LT, HU, MT, NL, PL, PT, RO, SK, SL, FI, SV)",
"Commission Regulation (EU) 2017/2196 of 24 November 2017 establishing a network code on electricity emergency and restoration (Text with EEA relevance. )","C/2017/7775","32017R2196","2017-11-28","2017-11-28","","http://data.europa.eu/eli/reg/2017/2196/oj","Regulation","energy law, electricity supply, energy supply, electrical energy, energy distribution, technical specification, technical standard, energy grid, security of supply","","Energy","Energy, Electricity","","","https://eur-lex.europa.eu/legal-content/AUTO/?uri=CELEX:32009R0714","","","","ALL_ALL, PUBLISHED_IN_OJ, EU_LAW_ALL, LEGISLATION","2017-11-24","2017-11-28","European Commission, Directorate-General for Energy","2017-12-18, 2022-12-18","No end date","","","","true","OJ L 312, 28/11/2017, p. 54–85
		 (BG, ES, CS, DA, DE, ET, EL, EN, FR, HR, IT, LV, LT, HU, MT, NL, PL, PT, RO, SK, SL, FI, SV)",
"Commission Regulation (EU) 2017/1485 of 2 August 2017 establishing a guideline on electricity transmission system operation (Text with EEA relevance. )","C/2017/5310","32017R1485","2021-03-15","2021-03-15","","http://data.europa.eu/eli/reg/2017/1485/oj","Regulation","energy grid, security of supply, technical standard, energy supply, electricity supply, quality standard, energy distribution, electrical energy, renewable energy, professional qualifications","","Energy","Energy, Energy, Electricity, General principles and programmes, General","","","https://eur-lex.europa.eu/legal-content/AUTO/?uri=CELEX:32009R0714","","","","ALL_ALL, PUBLISHED_IN_OJ, EU_LAW_ALL, LEGISLATION","2017-08-02","2017-08-25","Directorate-General for Energy, European Commission","2019-08-18, 2017-09-14, 2019-03-14, 2019-04-27","No end date","","","","true","OJ L 220, 25/08/2017, p. 1–120
		 (BG, ES, CS, DA, DE, ET, EL, EN, FR, HR, IT, LV, LT, HU, MT, NL, PL, PT, RO, SK, SL, FI, SV)",
"Commission Regulation (EU) 2017/459 of 16 March 2017 establishing a network code on capacity allocation mechanisms in gas transmission systems and repealing Regulation (EU) No 984/2013 (Text with EEA relevance. )","C/2017/1660","32017R0459","","","","http://data.europa.eu/eli/reg/2017/459/oj","Regulation","energy transport, market access, energy grid, gas pipeline, gas supply, gas industry","","Internal market - Principles, Energy","Energy, Oil and gas, Other measures relating to oil or gas","","","https://eur-lex.europa.eu/legal-content/AUTO/?uri=CELEX:32009R0715","","","","ALL_ALL, PUBLISHED_IN_OJ, EU_LAW_ALL, LEGISLATION","2017-03-16","2017-03-17","Directorate-General for Energy, European Commission","2017-04-06","No end date","","","","true","OJ L 72, 17/03/2017, p. 1–28
		 (BG, ES, CS, DA, DE, ET, EL, EN, FR, HR, IT, LV, LT, HU, MT, NL, PL, PT, RO, SK, SL, FI, SV)",
"Commission Regulation (EU) 2017/460 of 16 March 2017 establishing a network code on harmonised transmission tariff structures for gas (Text with EEA relevance. )","C/2017/1657","32017R0460","","","","http://data.europa.eu/eli/reg/2017/460/oj","Regulation","energy grid, transport price, energy transport, gas supply, gas industry, gas pipeline, trading operation","","Internal market - Principles, Energy","Energy, Oil and gas, Other measures relating to oil or gas","","","https://eur-lex.europa.eu/legal-content/AUTO/?uri=CELEX:32009R0715","","","","ALL_ALL, PUBLISHED_IN_OJ, EU_LAW_ALL, LEGISLATION","2017-03-16","2017-03-17","Directorate-General for Energy, European Commission","2017-04-06, 2019-05-31, 2017-10-01","No end date","","","","true","OJ L 72, 17/03/2017, p. 29–56
		 (BG, ES, CS, DA, DE, ET, EL, EN, FR, HR, IT, LV, LT, HU, MT, NL, PL, PT, RO, SK, SL, FI, SV)",
"Commission Regulation (EU) 2016/2281 of 30 November 2016 implementing Directive 2009/125/EC of the European Parliament and of the Council establishing a framework for the setting of ecodesign requirements for energy-related products, with regard to ecodesign requirements for air heating products, cooling products, high temperature process chillers and fan coil units (Text with EEA relevance )","C/2016/7769","32016R2281","2017-01-09","2017-01-09","","http://data.europa.eu/eli/reg/2016/2281/oj","Regulation","consumer information, cold store, energy saving, EC conformity marking, environmental standard, eco-label, energy efficiency, heating, energy consumption, labelling","","Environment, Energy","Energy, Industrial policy and internal market, General principles and programmes, Internal market: approximation of laws, Rational utilisation and conservation of energy, Other sectors for approximation of laws","","","https://eur-lex.europa.eu/legal-content/AUTO/?uri=CELEX:32009L0125","","","","ALL_ALL, PUBLISHED_IN_OJ, EU_LAW_ALL, LEGISLATION","2016-11-30","2016-12-20","European Commission","2017-01-09","No end date","","","","true","OJ L 346, 20/12/2016, p. 1–50
		 (BG, ES, CS, DA, DE, ET, EL, EN, FR, HR, IT, LV, LT, HU, MT, NL, PL, PT, RO, SK, SL, FI, SV)",
"Commission Regulation (EU) 2016/1719 of 26 September 2016 establishing a guideline on forward capacity allocation (Text with EEA relevance)","C/2016/5946","32016R1719","2021-03-15","2021-03-15","","http://data.europa.eu/eli/reg/2016/1719/oj","Regulation","electrical energy, electricity supply, energy law, single market, energy supply, energy grid, market access, trans-European network, energy transport","","Internal market - Principles, Energy","Energy, Electricity","","","https://eur-lex.europa.eu/legal-content/AUTO/?uri=CELEX:32009R0714","","","","ALL_ALL, PUBLISHED_IN_OJ, EU_LAW_ALL, LEGISLATION","2016-09-26","2016-09-27","European Commission","2016-10-17","No end date","","","","true","OJ L 259, 27/09/2016, p. 42–68
		 (BG, ES, CS, DA, DE, ET, EL, EN, FR, HR, IT, LV, LT, HU, MT, NL, PL, PT, RO, SK, SL, FI, SV)",
"Commission Regulation (EU) 2016/1447 of 26 August 2016 establishing a network code on requirements for grid connection of high voltage direct current systems and direct current-connected power park modules (Text with EEA relevance)","","32016R1447","","","","http://data.europa.eu/eli/reg/2016/1447/oj","Regulation","energy consumption, energy production, energy grid, cross-border transport, electrical energy, energy distribution, electricity supply, energy law, market access","","Approximation of laws, Energy, Internal market - Principles","Energy, Industrial policy and internal market, Electricity, Internal market: approximation of laws, Other sectors for approximation of laws","","","https://eur-lex.europa.eu/legal-content/AUTO/?uri=CELEX:32009R0714","","","","ALL_ALL, PUBLISHED_IN_OJ, EU_LAW_ALL, LEGISLATION","2016-08-26","2016-09-08","European Commission","2019-09-08, 2016-09-28","No end date","","","","true","OJ L 241, 08/09/2016, p. 1–65
		 (BG, ES, CS, DA, DE, ET, EL, EN, FR, HR, IT, LV, LT, HU, MT, NL, PL, PT, RO, SK, SL, FI, SV)",
"Commission Regulation (EU) 2016/1388 of 17 August 2016 establishing a Network Code on Demand Connection (Text with EEA relevance)","C/2016/5239","32016R1388","","","","http://data.europa.eu/eli/reg/2016/1388/oj","Regulation","market access, energy law, electricity supply, energy distribution, electrical energy, energy consumption, energy grid","","Internal market - Principles, Energy","Energy, Electricity","","","https://eur-lex.europa.eu/legal-content/AUTO/?uri=CELEX:32009R0714","","","","ALL_ALL, PUBLISHED_IN_OJ, EU_LAW_ALL, LEGISLATION","2016-08-17","2016-08-18","European Commission","2019-08-18, 2016-09-07","No end date","","","","true","OJ L 223, 18/08/2016, p. 10–54
		 (BG, ES, CS, DA, DE, ET, EL, EN, FR, HR, IT, LV, LT, HU, MT, NL, PL, PT, RO, SK, SL, FI, SV)",
"Commission Regulation (EU) 2016/631 of 14 April 2016 establishing a network code on requirements for grid connection of generators (Text with EEA relevance)","C/2016/2001","32016R0631","","","","http://data.europa.eu/eli/reg/2016/631/oj","Regulation","electricity supply, market access, harmonisation of standards, cross-border transport, electrical energy, energy distribution, transport network, energy grid, energy production","","Approximation of laws, Internal market - Principles, Energy","Industrial policy and internal market, Energy, Internal market: approximation of laws, Electricity, Other sectors for approximation of laws","","","https://eur-lex.europa.eu/legal-content/AUTO/?uri=CELEX:32009R0714","","","","ALL_ALL, PUBLISHED_IN_OJ, EU_LAW_ALL, LEGISLATION","2016-04-14","2016-04-27","European Commission","2016-05-17, 2019-04-27","No end date","","","","true","OJ L 112, 27/04/2016, p. 1–68
		 (BG, ES, CS, DA, DE, ET, EL, EN, FR, HR, IT, LV, LT, HU, MT, NL, PL, PT, RO, SK, SL, FI, SV)",
"Commission Regulation (EU) 2015/1222 of 24 July 2015 establishing a guideline on capacity allocation and congestion management (Text with EEA relevance)","","32015R1222","2021-03-15","2021-03-15","","http://data.europa.eu/eli/reg/2015/1222/oj","Regulation","energy grid, electrical energy, energy distribution, electricity supply, energy law, energy market, energy transport, market access","","Energy, Internal market - Principles","Energy, Electricity","","","https://eur-lex.europa.eu/legal-content/AUTO/?uri=CELEX:32009R0714","","","","ALL_ALL, PUBLISHED_IN_OJ, EU_LAW_ALL, LEGISLATION","2015-07-24","2015-07-25","European Commission","2015-08-14","No end date","","","","true","OJ L 197, 25/07/2015, p. 24–72
		 (BG, ES, CS, DA, DE, ET, EL, EN, FR, HR, IT, LV, LT, HU, MT, NL, PL, PT, RO, SK, SL, FI, SV)",
"Commission Regulation (EU) 2015/1189 of 28 April 2015 implementing Directive 2009/125/EC of the European Parliament and of the Council with regard to ecodesign requirements for solid fuel boilers (Text with EEA relevance)","","32015R1189","2017-01-09","2017-01-09","","http://data.europa.eu/eli/reg/2015/1189/oj","Regulation","energy consumption, boiler, hard energy, marketing, energy saving, environmental impact, EC conformity marking","","Energy, Environment","Industrial policy and internal market, Energy, Internal market: approximation of laws, General principles and programmes, Other sectors for approximation of laws, Rational utilisation and conservation of energy","","","https://eur-lex.europa.eu/legal-content/AUTO/?uri=CELEX:32009L0125","","","","ALL_ALL, PUBLISHED_IN_OJ, EU_LAW_ALL, LEGISLATION","2015-04-28","2015-07-21","European Commission","2015-08-10","No end date","","","","true","OJ L 193, 21/07/2015, p. 100–114
		 (BG, ES, CS, DA, DE, ET, EL, EN, FR, HR, IT, LV, LT, HU, MT, NL, PL, PT, RO, SK, SL, FI, SV)",
"Commission Regulation (EU) 2015/1188 of 28 April 2015 implementing Directive 2009/125/EC of the European Parliament and of the Council with regard to ecodesign requirements for local space heaters (Text with EEA relevance)","","32015R1188","2017-01-09","2017-01-09","","http://data.europa.eu/eli/reg/2015/1188/oj","Regulation","marketing, energy saving, environmental impact, EC conformity marking, reduction of gas emissions, boiler, hard energy, energy consumption","","Energy, Environment","Industrial policy and internal market, Energy, Internal market: approximation of laws, General principles and programmes, Other sectors for approximation of laws, Rational utilisation and conservation of energy","","","https://eur-lex.europa.eu/legal-content/AUTO/?uri=CELEX:32009L0125","","","","ALL_ALL, PUBLISHED_IN_OJ, EU_LAW_ALL, LEGISLATION","2015-04-28","2015-07-21","European Commission","2015-08-10","No end date","","","","true","OJ L 193, 21/07/2015, p. 76–99
		 (BG, ES, CS, DA, DE, ET, EL, EN, FR, HR, IT, LV, LT, HU, MT, NL, PL, PT, RO, SK, SL, FI, SV)",
"Commission Regulation (EU) 2015/1185 of 24 April 2015 implementing Directive 2009/125/EC of the European Parliament and of the Council with regard to ecodesign requirements for solid fuel local space heaters (Text with EEA relevance)","","32015R1185","2017-01-09","2017-01-09","","http://data.europa.eu/eli/reg/2015/1185/oj","Regulation","marketing, energy saving, environmental impact, EC conformity marking, reduction of gas emissions, hard energy, energy consumption, thermal equipment","","Energy, Environment","Industrial policy and internal market, Energy, Internal market: approximation of laws, General principles and programmes, Other sectors for approximation of laws, Rational utilisation and conservation of energy","","","https://eur-lex.europa.eu/legal-content/AUTO/?uri=CELEX:32009L0125","","","","ALL_ALL, PUBLISHED_IN_OJ, EU_LAW_ALL, LEGISLATION","2015-04-24","2015-07-21","European Commission","2015-08-10","No end date","","","","true","OJ L 193, 21/07/2015, p. 1–19
		 (BG, ES, CS, DA, DE, ET, EL, EN, FR, HR, IT, LV, LT, HU, MT, NL, PL, PT, RO, SK, SL, FI, SV)",
"Commission Regulation (EU) 2015/1095 of 5 May 2015 implementing Directive 2009/125/EC of the European Parliament and of the Council with regard to ecodesign requirements for professional refrigerated storage cabinets, blast cabinets, condensing units and process chillers (Text with EEA relevance)","","32015R1095","2017-01-09","2017-01-09","","http://data.europa.eu/eli/reg/2015/1095/oj","Regulation","environmental impact, cold store, energy saving, energy consumption, refrigeration industry, EC conformity marking","","Approximation of laws, Environment, Energy","Energy, Industrial policy and internal market, General principles and programmes, Internal market: approximation of laws, Rational utilisation and conservation of energy, Other sectors for approximation of laws","","","https://eur-lex.europa.eu/legal-content/AUTO/?uri=CELEX:32009L0125","","","","ALL_ALL, PUBLISHED_IN_OJ, EU_LAW_ALL, LEGISLATION","2015-05-05","2015-07-08","European Commission","2015-07-28","No end date","","","","true","OJ L 177, 08/07/2015, p. 19–51
		 (BG, ES, CS, DA, DE, ET, EL, EN, FR, HR, IT, LV, LT, HU, MT, NL, PL, PT, RO, SK, SL, FI, SV)",
"Council Regulation (EU) 2015/802 of 19 May 2015 suspending the autonomous Common Customs Tariff duties on certain heavy oils and similar products","","32015R0802","","","","http://data.europa.eu/eli/reg/2015/802/oj","Regulation","petroleum product, Combined Nomenclature, CCT duties, import (EU), suspension of customs duties","","Customs duties: suspensions","Customs Union and free movement of goods, Energy, Application of the Common Customs Tariff, Oil and gas, Tariff derogations, Other measures relating to oil or gas, Tariff suspensions","","","https://eur-lex.europa.eu/legal-content/AUTO/?uri=CELEX:12012E031","","","","ALL_ALL, PUBLISHED_IN_OJ, EU_LAW_ALL, LEGISLATION","2015-05-19","2015-05-23","Council of the European Union","2013-04-04, 2015-06-12","No end date, 2014-06-30","","","","true","OJ L 128, 23/05/2015, p. 2–3
		 (BG, ES, CS, DA, DE, ET, EL, EN, FR, HR, IT, LV, LT, HU, MT, NL, PL, PT, RO, SK, SL, FI, SV)",
"Commission Regulation (EU) 2015/703 of 30 April 2015 establishing a network code on interoperability and data exchange rules (Text with EEA relevance)","C/2015/2823","32015R0703","","","","http://data.europa.eu/eli/reg/2015/703/oj","Regulation","energy transport, energy grid, exchange of information, gas supply, gas industry, gas pipeline, trading operation","","Internal market - Principles, Energy","Energy, Oil and gas, Other measures relating to oil or gas","","","https://eur-lex.europa.eu/legal-content/AUTO/?uri=CELEX:32009R0715","","","","ALL_ALL, PUBLISHED_IN_OJ, EU_LAW_ALL, LEGISLATION","2015-04-30","2015-05-01","European Commission","2015-05-21, 2016-05-01","No end date","","","","true","OJ L 113, 01/05/2015, p. 13–26
		 (BG, ES, CS, DA, DE, ET, EL, EN, FR, HR, IT, LV, LT, HU, MT, NL, PL, PT, RO, SK, SL, FI, SV)",
"Commission Regulation (EU) No 1307/2014 of 8 December 2014 on defining the criteria and geographic ranges of highly biodiverse grassland for the purposes of Article 7b(3)(c) of Directive 98/70/EC of the European Parliament and of the Council relating to the quality of petrol and diesel fuels and Article 17(3)(c) of Directive 2009/28/EC of the European Parliament and of the Council on the promotion of the use of energy from renewable sources","","32014R1307","","","","http://data.europa.eu/eli/reg/2014/1307/oj","Regulation","exploitation of resources, biodiversity, quality standard, grassland, biotope, sensitive area, biofuel, raw material","","Energy, Environment","Environment, consumers and health protection, Energy, Environment, Other sources of energy, Space, environment and natural resources, Management and efficient use of space, the environment and natural resources","","","https://eur-lex.europa.eu/legal-content/AUTO/?uri=CELEX:32009L0028, https://eur-lex.europa.eu/legal-content/AUTO/?uri=CELEX:31998L0070","","","","ALL_ALL, PUBLISHED_IN_OJ, EU_LAW_ALL, LEGISLATION","2014-12-08","2014-12-09","European Commission","2014-12-29, 2015-10-01","No end date","","","","true","OJ L 351, 09/12/2014, p. 3–5
		 (BG, ES, CS, DA, DE, ET, EL, EN, FR, HR, IT, LV, LT, HU, MT, NL, PL, PT, RO, SK, SL, FI, SV)",
"Commission Regulation (EU) No 1253/2014 of 7 July 2014 implementing Directive 2009/125/EC of the European Parliament and of the Council with regard to ecodesign requirements for ventilation units  Text with EEA relevance","","32014R1253","2020-07-30","2020-07-30","","http://data.europa.eu/eli/reg/2014/1253/oj","Regulation","EC conformity marking, technical specification, marketing standard, electrical energy, energy saving, air conditioning, eco-label, product design","","Environment, Energy, Internal market - Principles","Energy, Industrial policy and internal market, General principles and programmes, Internal market: approximation of laws, Rational utilisation and conservation of energy, Other sectors for approximation of laws","","","https://eur-lex.europa.eu/legal-content/AUTO/?uri=CELEX:32009L0125","","","","ALL_ALL, PUBLISHED_IN_OJ, EU_LAW_ALL, LEGISLATION","2014-07-07","2014-11-25","European Commission","2014-12-15","No end date","","","","true","OJ L 337, 25/11/2014, p. 8–26
		 (BG, ES, CS, DA, DE, ET, EL, EN, FR, HR, IT, LV, LT, HU, MT, NL, PL, PT, RO, SK, SL, FI, SV)",
"Commission Regulation (EU) No 548/2014 of 21 May 2014 on implementing Directive 2009/125/EC of the European Parliament and of the Council with regard to small, medium and large power transformers","","32014R0548","2019-11-14","2019-11-14","","http://data.europa.eu/eli/reg/2014/548/oj","Regulation","electric machinery, technical standard, energy consumption, environmental impact, EC conformity marking, energy saving, marketing standard","","Environment, Energy","Energy, Industrial policy and internal market, General principles and programmes, Internal market: approximation of laws, Rational utilisation and conservation of energy, Other sectors for approximation of laws","","","https://eur-lex.europa.eu/legal-content/AUTO/?uri=CELEX:32009L0125","","","","ALL_ALL, PUBLISHED_IN_OJ, EU_LAW_ALL, LEGISLATION","2014-05-21","2014-05-22","European Commission","2014-06-11","No end date","","","","true","OJ L 152, 22/05/2014, p. 1–15
		 (BG, ES, CS, DA, DE, ET, EL, EN, FR, HR, IT, LV, LT, HU, MT, NL, PL, PT, RO, SK, SL, FI, SV)",
"Commission Regulation (EU) No 312/2014 of 26 March 2014 establishing a Network Code on Gas Balancing of Transmission Networks  Text with EEA relevance","","32014R0312","","","","http://data.europa.eu/eli/reg/2014/312/oj","Regulation","energy grid, energy transport, energy market, trading operation, gas supply, gas","","Energy, Internal market - Principles","Energy, Oil and gas, Intra-Community trade","","","https://eur-lex.europa.eu/legal-content/AUTO/?uri=CELEX:32009R0715","","","","ALL_ALL, PUBLISHED_IN_OJ, EU_LAW_ALL, LEGISLATION","2014-03-26","2014-03-27","European Commission","2014-04-16, 2015-10-01","No end date","","","","true","OJ L 91, 27/03/2014, p. 15–35
		 (BG, ES, CS, DA, DE, ET, EL, EN, FR, HR, IT, LV, LT, HU, MT, NL, PL, PT, RO, SK, SL, FI, SV)",
"Commission Regulation (EU) No 66/2014 of 14 January 2014 implementing Directive 2009/125/EC of the European Parliament and of the Council with regard to ecodesign requirements for domestic ovens, hobs and range hoods  Text with EEA relevance","","32014R0066","2017-01-09","2017-01-09","","http://data.europa.eu/eli/reg/2014/66/oj","Regulation","technical specification, energy efficiency, eco-label, energy consumption, household electrical appliance, gas, consumer information, electrical energy, energy saving, furnace","","Energy, Environment","Environment, consumers and health protection, Energy, Consumers, General principles and programmes, Consumer information, education and representation, Rational utilisation and conservation of energy","","","https://eur-lex.europa.eu/legal-content/AUTO/?uri=CELEX:32009L0125","","","","ALL_ALL, PUBLISHED_IN_OJ, EU_LAW_ALL, LEGISLATION","2014-01-14","2014-01-31","European Commission","2014-02-20, 2015-02-20","No end date","","","","true","OJ L 29, 31/01/2014, p. 33–47
		 (BG, ES, CS, DA, DE, ET, EL, EN, FR, HR, IT, LV, LT, HU, MT, NL, PL, PT, RO, SK, SL, FI, SV)",
"Commission Regulation (EU) No 813/2013 of 2 August 2013 implementing Directive 2009/125/EC of the European Parliament and of the Council with regard to ecodesign requirements for space heaters and combination heaters  Text with EEA relevance","","32013R0813","2017-01-09","2017-01-09","","http://data.europa.eu/eli/reg/2013/813/oj","Regulation","heating, technical specification, eco-label, energy efficiency, environmental impact, electrical energy, energy saving","","Environment, Energy","Energy, General principles and programmes, Rational utilisation and conservation of energy","","","https://eur-lex.europa.eu/legal-content/AUTO/?uri=CELEX:32009L0125","","","","ALL_ALL, PUBLISHED_IN_OJ, EU_LAW_ALL, LEGISLATION","2013-08-02","2013-09-06","European Commission","2018-09-26, 2015-09-26, 2013-09-26","No end date","","","","true","OJ L 239, 06/09/2013, p. 136–161
		 (BG, ES, CS, DA, DE, ET, EL, EN, FR, HR, IT, LV, LT, HU, MT, NL, PL, PT, RO, SK, SL, FI, SV)",
"Commission Regulation (EU) No 814/2013 of 2 August 2013 implementing Directive 2009/125/EC of the European Parliament and of the Council with regard to ecodesign requirements for water heaters and hot water storage tanks  Text with EEA relevance","","32013R0814","2017-01-09","2017-01-09","","http://data.europa.eu/eli/reg/2013/814/oj","Regulation","environmental impact, energy saving, electrical energy, household electrical appliance, eco-label, energy efficiency, technical specification","","Environment, Energy","Energy, General principles and programmes, Rational utilisation and conservation of energy","","","https://eur-lex.europa.eu/legal-content/AUTO/?uri=CELEX:32009L0125","","","","ALL_ALL, PUBLISHED_IN_OJ, EU_LAW_ALL, LEGISLATION","2013-08-02","2013-09-06","European Commission","2013-09-26, 2015-09-26, 2018-09-26, 2017-09-26","No end date","","","","true","OJ L 239, 06/09/2013, p. 162–183
		 (BG, ES, CS, DA, DE, ET, EL, EN, FR, HR, IT, LV, LT, HU, MT, NL, PL, PT, RO, SK, SL, FI, SV)",
"Commission Regulation (EU) No 666/2013 of 8 July 2013 implementing Directive 2009/125/EC of the European Parliament and of the Council with regard to ecodesign requirements for vacuum cleaners  Text with EEA relevance","","32013R0666","2017-01-09","2017-01-09","","http://data.europa.eu/eli/reg/2013/666/oj","Regulation","product design, technical specification, energy efficiency, eco-label, environmental impact, energy saving, household electrical appliance, marketing standard","","Environment, Energy","Energy, Environment, consumers and health protection, General principles and programmes, Consumers, Rational utilisation and conservation of energy, Consumer information, education and representation","","","https://eur-lex.europa.eu/legal-content/AUTO/?uri=CELEX:32009L0125","","","","ALL_ALL, PUBLISHED_IN_OJ, EU_LAW_ALL, LEGISLATION","2013-07-08","2013-07-13","European Commission","2013-08-02","No end date","","","","true","OJ L 192, 13/07/2013, p. 24–34
		 (BG, ES, CS, DA, DE, ET, EL, EN, FR, IT, LV, LT, HU, MT, NL, PL, PT, RO, SK, SL, FI, SV), OJ L 192, 13/07/2013, p. 2–12
		 (HR)",
"Commission Regulation (EU) No 617/2013 of 26 June 2013 implementing Directive 2009/125/EC of the European Parliament and of the Council with regard to ecodesign requirements for computers and computer servers  Text with EEA relevance","","32013R0617","2020-03-01","2020-03-01","","http://data.europa.eu/eli/reg/2013/617/oj","Regulation","environmental impact, energy saving, electrical energy, computer, product design, eco-label, network server, energy efficiency, technical specification","","Environment, Energy","Energy, General principles and programmes, Rational utilisation and conservation of energy","","","https://eur-lex.europa.eu/legal-content/AUTO/?uri=CELEX:32009L0125","","","","ALL_ALL, PUBLISHED_IN_OJ, EU_LAW_ALL, LEGISLATION","2013-06-26","2013-06-27, 2014-10-07","European Commission","2016-01-01, 2014-07-01, 2013-07-17","2025-05-08, No end date, 2020-03-31","","","","true","OJ L 175, 27/06/2013, p. 13–33
		 (BG, ES, CS, DA, DE, ET, EL, EN, FR, IT, LV, LT, HU, MT, NL, PL, PT, RO, SK, SL, FI, SV), This document has been published in a special edition(s) (
           		HR)
		",
"Commission Regulation (EU) No 543/2013 of 14 June 2013 on submission and publication of data in electricity markets and amending Annex I to Regulation (EC) No 714/2009 of the European Parliament and of the Council  Text with EEA relevance","","32013R0543","2020-01-01","2020-01-01","","http://data.europa.eu/eli/reg/2013/543/oj","Regulation","energy transport, energy consumption, solar energy, disclosure of information, energy grid, energy production, information system, wind energy, electricity supply, electrical energy","","Energy, Internal market - Principles","Energy, Electricity","","","https://eur-lex.europa.eu/legal-content/AUTO/?uri=CELEX:32009R0714","","","","ALL_ALL, PUBLISHED_IN_OJ, EU_LAW_ALL, LEGISLATION","2013-06-14","2013-06-15, 2014-10-07","European Commission","2013-07-05, 2015-01-05","No end date, 2019-12-31","","","","true","OJ L 163, 15/06/2013, p. 1–12
		 (BG, ES, CS, DA, DE, ET, EL, EN, FR, IT, LV, LT, HU, MT, NL, PL, PT, RO, SK, SL, FI, SV), This document has been published in a special edition(s) (
           		HR)
		",
"Commission Regulation (EU) No 932/2012 of 3 October 2012 implementing Directive 2009/125/EC of the European Parliament and of the Council with regard to ecodesign requirements for household tumble driers  Text with EEA relevance","","32012R0932","2017-01-09","2017-01-09","","http://data.europa.eu/eli/reg/2012/932/oj","Regulation","technical standard, energy consumption, eco-label, energy saving, environmental impact, household electrical appliance, consumer information","","Energy, Environment","Energy, General principles and programmes, Rational utilisation and conservation of energy","","","https://eur-lex.europa.eu/legal-content/AUTO/?uri=CELEX:32009L0125","","","","ALL_ALL, PUBLISHED_IN_OJ, EU_LAW_ALL, LEGISLATION","2012-10-03","2012-10-12, 2013-05-24","European Commission","2013-11-01, 2014-11-01, 2015-11-01, 2012-11-01","2025-06-30","","","","true","OJ L 278, 12/10/2012, p. 1–10
		 (BG, ES, CS, DA, DE, ET, EL, EN, FR, IT, LV, LT, HU, MT, NL, PL, PT, RO, SK, SL, FI, SV), This document has been published in a special edition(s) (
           		HR)
		",
"Commission Regulation (EU) No 547/2012 of 25 June 2012 implementing Directive 2009/125/EC of the European Parliament and of the Council with regard to ecodesign requirements for water pumps  Text with EEA relevance","","32012R0547","2017-01-09","2017-01-09","","http://data.europa.eu/eli/reg/2012/547/oj","Regulation","eco-label, pump, technical specification, energy consumption, hydraulic machinery, product design, electrical energy, energy saving","","Environment, Energy","Energy, General principles and programmes, Rational utilisation and conservation of energy","","","https://eur-lex.europa.eu/legal-content/AUTO/?uri=CELEX:32009L0125","","","","ALL_ALL, PUBLISHED_IN_OJ, EU_LAW_ALL, LEGISLATION","2012-06-25","2012-06-26, 2013-05-24","European Commission","2012-07-16","No end date","","","","true","OJ L 165, 26/06/2012, p. 28–36
		 (BG, ES, CS, DA, DE, ET, EL, EN, FR, IT, LV, LT, HU, MT, NL, PL, PT, RO, SK, SL, FI, SV), This document has been published in a special edition(s) (
           		HR)
		",
"Commission Regulation (EU) No 206/2012 of 6 March 2012 implementing Directive 2009/125/EC of the European Parliament and of the Council with regard to ecodesign requirements for air conditioners and comfort fans  Text with EEA relevance","","32012R0206","2017-01-09","2017-01-09","","http://data.europa.eu/eli/reg/2012/206/oj","Regulation","environmental impact, air conditioning, energy saving, household electrical appliance, noise, product design, energy consumption, eco-label","","Environment, Energy","Energy, General principles and programmes, Rational utilisation and conservation of energy","","","https://eur-lex.europa.eu/legal-content/AUTO/?uri=CELEX:32009L0125","","","","ALL_ALL, PUBLISHED_IN_OJ, EU_LAW_ALL, LEGISLATION","2012-03-06","2012-03-10, 2013-05-24","European Commission","2012-03-30, 2013-01-01","No end date","","","","true","OJ L 72, 10/03/2012, p. 7–27
		 (BG, ES, CS, DA, DE, ET, EL, EN, FR, IT, LV, LT, HU, MT, NL, PL, PT, RO, SK, SL, FI, SV), This document has been published in a special edition(s) (
           		HR)
		",
"Commission Regulation (EU) No 327/2011 of 30 March 2011 implementing Directive 2009/125/EC of the European Parliament and of the Council with regard to ecodesign requirements for fans driven by motors with an electric input power between 125 W and 500 kW  Text with EEA relevance","","32011R0327","2017-01-09","2017-01-09","","http://data.europa.eu/eli/reg/2011/327/oj","Regulation","environmental impact, energy saving, marketing standard, electrical equipment, energy consumption, technical regulations, eco-label","","Environment, Approximation of laws, Energy","Energy, Industrial policy and internal market, General principles and programmes, Internal market: approximation of laws, Rational utilisation and conservation of energy, Other sectors for approximation of laws","","","https://eur-lex.europa.eu/legal-content/AUTO/?uri=CELEX:32009L0125","","","","ALL_ALL, PUBLISHED_IN_OJ, EU_LAW_ALL, LEGISLATION","2011-03-30","2011-04-06, 2013-05-24","European Commission","2011-04-26","No end date","","","","true","OJ L 90, 06/04/2011, p. 8–21
		 (BG, ES, CS, DA, DE, ET, EL, EN, FR, IT, LV, LT, HU, MT, NL, PL, PT, RO, SK, SL, FI, SV), This document has been published in a special edition(s) (
           		HR)
		",
"Commission Regulation (EU) No 838/2010 of 23 September 2010 on laying down guidelines relating to the inter-transmission system operator compensation mechanism and a common regulatory approach to transmission charging  Text with EEA relevance","","32010R0838","","","","http://data.europa.eu/eli/reg/2010/838/oj","Regulation","electricity supply, market access, electrical energy, cross-border transport, energy grid, transport network","","Energy, Internal market - Principles","Energy, Electricity","","","https://eur-lex.europa.eu/legal-content/AUTO/?uri=CELEX:32009R0714","","","","ALL_ALL, PUBLISHED_IN_OJ, EU_LAW_ALL, LEGISLATION","2010-09-23","2010-09-24, 2013-05-24","European Commission","2011-03-03, 2010-10-14","No end date","","","","true","OJ L 250, 24/09/2010, p. 5–11
		 (BG, ES, CS, DA, DE, ET, EL, EN, FR, IT, LV, LT, HU, MT, NL, PL, PT, RO, SK, SL, FI, SV), This document has been published in a special edition(s) (
           		HR)
		",
"Council Regulation (EU, Euratom) No 617/2010 of 24 June 2010 concerning the notification to the Commission of investment projects in energy infrastructure within the European Union and repealing Regulation (EC) No 736/96","","32010R0617","","","","http://data.europa.eu/eli/reg/2010/617/oj","Regulation","electrical energy, energy policy, energy distribution, data processing, EU action, exchange of information, petroleum, European Commission, investment project, natural gas","","Energy, Information and verification, Investments","Energy, General principles and programmes, General","","","https://eur-lex.europa.eu/legal-content/AUTO/?uri=CELEX:12010A187, https://eur-lex.europa.eu/legal-content/AUTO/?uri=CELEX:12010E337","","","","ALL_ALL, PUBLISHED_IN_OJ, EU_LAW_ALL, LEGISLATION","2010-06-24","2010-07-15, 2012-10-20","Council of the European Union","2010-08-04","No end date","","","","true","OJ L 180, 15/07/2010, p. 7–14
		 (BG, ES, CS, DA, DE, ET, EL, EN, FR, IT, LV, LT, HU, MT, NL, PL, PT, RO, SK, SL, FI, SV), This document has been published in a special edition(s) (
           		HR)
		",
"Commission Regulation (EC) No 641/2009 of 22 July 2009 implementing Directive 2005/32/EC of the European Parliament and of the Council with regard to ecodesign requirements for glandless standalone circulators and glandless circulators integrated in products (Text with EEA relevance)","","32009R0641","2019-11-14","2019-11-14","","http://data.europa.eu/eli/reg/2009/641/oj","Regulation","heating, energy consumption, electric machinery, energy production, environmental protection, waste recycling, environmental impact, energy saving","","Technical barriers, Approximation of laws, Energy","Energy, Industrial policy and internal market, General principles and programmes, Internal market: approximation of laws, Rational utilisation and conservation of energy, Other sectors for approximation of laws","","","https://eur-lex.europa.eu/legal-content/AUTO/?uri=CELEX:32005L0032","","","","ALL_ALL, PUBLISHED_IN_OJ, EU_LAW_ALL, LEGISLATION","2009-07-22","2009-07-23, 2013-01-24","European Commission","2009-08-12","No end date","","","","true","OJ L 191, 23/07/2009, p. 35–41
		 (BG, ES, CS, DA, DE, ET, EL, EN, FR, IT, LV, LT, HU, MT, NL, PL, PT, RO, SK, SL, FI, SV), This document has been published in a special edition(s) (
           		HR)
		",
"Commission Regulation (EC) No 107/2009 of 4 February 2009 implementing Directive 2005/32/EC of the European Parliament and of the Council with regard to ecodesign requirements for simple set-top boxes (Text with EEA relevance)","","32009R0107","2017-01-09","2017-01-09","","http://data.europa.eu/eli/reg/2009/107/oj","Regulation","energy consumption, technical standard, eco-label, electronic device, energy saving, high-definition television, pay television, marketing standard","","Energy, Approximation of laws, Technical barriers","Energy, Industrial policy and internal market, General principles and programmes, Internal market: approximation of laws, Rational utilisation and conservation of energy, Other sectors for approximation of laws","","","https://eur-lex.europa.eu/legal-content/AUTO/?uri=CELEX:32005L0032","","","","ALL_ALL, PUBLISHED_IN_OJ, EU_LAW_ALL, LEGISLATION","2009-02-04","2009-02-05, 2013-04-23","European Commission","2010-02-25, 2012-02-25, 2009-02-25","2025-05-08","","","","true","OJ L 36, 05/02/2009, p. 8–14
		 (BG, ES, CS, DA, DE, ET, EL, EN, FR, IT, LV, LT, HU, MT, NL, PL, PT, RO, SK, SL, FI, SV), This document has been published in a special edition(s) (
           		HR)
		",
"Commission Regulation (EC) No 1275/2008 of 17 December 2008 implementing Directive 2005/32/EC of the European Parliament and of the Council with regard to ecodesign requirements for standby and off mode electric power consumption of electrical and electronic household and office equipment (Text with EEA relevance)","","32008R1275","2021-03-01","2021-03-01","","http://data.europa.eu/eli/reg/2008/1275/oj","Regulation","energy consumption, automatic game, electronic equipment, audiovisual equipment, clean technology, product design, household electrical appliance, electrical equipment, electrical energy, energy saving, information technology","","Approximation of laws, Technical barriers, Energy","Industrial policy and internal market, Energy, Internal market: approximation of laws, General principles and programmes, Other sectors for approximation of laws, Rational utilisation and conservation of energy","","","https://eur-lex.europa.eu/legal-content/AUTO/?uri=CELEX:32005L0032","","","","ALL_ALL, PUBLISHED_IN_OJ, EU_LAW_ALL, LEGISLATION","2008-12-17","2008-12-18, 2013-06-19","European Commission","2009-01-07, 2013-01-07, 2010-01-07","2025-05-08","","","","true","OJ L 339, 18/12/2008, p. 45–52
		 (BG, ES, CS, DA, DE, ET, EL, EN, FR, IT, LV, LT, HU, MT, NL, PL, PT, RO, SK, SL, FI, SV), This document has been published in a special edition(s) (
           		HR)
		",
"Commission Regulation (Euratom) No 66/2006 of  16 January 2006  exempting the transfer of small quantities of ores, source materials and special fissile materials from the rules of the chapter on supplies","","32006R0066","","","","http://data.europa.eu/eli/reg/2006/66/oj","Regulation","radioactive materials, disclosure of information, trading operation, nuclear fuel, energy supply","","Supply agency","Energy, Nuclear energy, Fuel supplies","","","https://eur-lex.europa.eu/legal-content/AUTO/?uri=CELEX:11957A124, https://eur-lex.europa.eu/legal-content/AUTO/?uri=CELEX:11957A074, https://eur-lex.europa.eu/legal-content/AUTO/?uri=CELEX:11957A002, https://eur-lex.europa.eu/legal-content/AUTO/?uri=CELEX:11957A077, https://eur-lex.europa.eu/legal-content/AUTO/?uri=CELEX:11957A161","","","","ALL_ALL, PUBLISHED_IN_OJ, EU_LAW_ALL, LEGISLATION","2006-01-16","2006-01-17, 2006-11-28, 2007-01-01, 2012-10-20","European Commission","2006-02-06","No end date","","","","true","OJ L 11, 17/01/2006, p. 6–8
		 (ES, CS, DA, DE, ET, EL, EN, FR, IT, LV, LT, HU, NL, PL, PT, SK, SL, FI, SV), OJ L 330M , 28/11/2006, p. 12–14
		 (MT), This document has been published in a special edition(s) (
           		BG, RO, HR)
		",
"Commission Regulation (Euratom) No 302/2005 of 8 February 2005 on the application of Euratom safeguards - Council/Commission statement","","32005R0302","2013-07-01","2013-07-01","","http://data.europa.eu/eli/reg/2005/302/oj","Regulation","International Atomic Energy Agency, application of EU law, nuclear safety, EAEC","","Environment, Nuclear common market","Energy, Nuclear energy, Safeguards","","","https://eur-lex.europa.eu/legal-content/AUTO/?uri=CELEX:11957A081, https://eur-lex.europa.eu/legal-content/AUTO/?uri=CELEX:11957A077, https://eur-lex.europa.eu/legal-content/AUTO/?uri=CELEX:11957A078, https://eur-lex.europa.eu/legal-content/AUTO/?uri=CELEX:11957A079","","","","ALL_ALL, PUBLISHED_IN_OJ, EU_LAW_ALL, LEGISLATION","2005-02-08","2005-02-28, 2008-11-29, 2007-01-01, 2012-05-16","European Commission","2005-03-20","No end date","","","","true","OJ L 54, 28/02/2005, p. 1–71
		 (ES, CS, DA, DE, ET, EL, EN, FR, IT, LV, LT, HU, NL, PL, PT, SK, SL, FI, SV), OJ L 319M , 29/11/2008, p. 81–151
		 (MT), This document has been published in a special edition(s) (
           		BG, RO, HR)
		",
"Commission Regulation (EC) No 1209/2000 of 8 June 2000 determining procedures for effecting the communications prescribed under Article 41 of the Treaty establishing the European Atomic Energy Community","","32000R1209","2003-08-20","2003-08-20","","http://data.europa.eu/eli/reg/2000/1209/oj","Regulation","nuclear power station, disclosure of information, investment project, nuclear industry, EAEC, data recording","","Nuclear common market, Information and verification","Energy, Nuclear energy, Other measures relating to nuclear energy","","","https://eur-lex.europa.eu/legal-content/AUTO/?uri=CELEX:11957A041, https://eur-lex.europa.eu/legal-content/AUTO/?uri=CELEX:31999R2587","","","","ALL_ALL, PUBLISHED_IN_OJ, EU_LAW_ALL, LEGISLATION","2000-06-08","2000-06-09, 2007-01-01, 2004-05-01, 2012-10-20","European Commission","2000-06-29","No end date","","","","true","OJ L 138, 09/06/2000, p. 12–14
		 (ES, DA, DE, EL, EN, FR, IT, NL, PT, FI, SV), This document has been published in a special edition(s) (
           		CS, ET, LV, LT, HU, MT, PL, SK, SL, BG, RO, HR)
		",
"Council Regulation (Euratom) No 2587/1999 of 2 December 1999 defining the investment projects to be communicated to the Commission in accordance with Article 41 of the Treaty establishing the European Atomic Energy Community","","31999R2587","","","","http://data.europa.eu/eli/reg/1999/2587/oj","Regulation","European Commission, investment project, exchange of information, EAEC, investment","","Nuclear common market, Investments, Information and verification","Energy, Nuclear energy, Other measures relating to nuclear energy","","","https://eur-lex.europa.eu/legal-content/AUTO/?uri=CELEX:11957A041","","","","ALL_ALL, PUBLISHED_IN_OJ, EU_LAW_ALL, LEGISLATION","1999-12-02","1999-12-09, 2007-01-01, 2004-05-01, 2012-10-20","Council of the European Union","2000-03-09, 1999-12-09","No end date","","","","true","OJ L 315, 09/12/1999, p. 1–3
		 (ES, DA, DE, EL, EN, FR, IT, NL, PT, FI, SV), This document has been published in a special edition(s) (
           		CS, ET, LV, LT, HU, MT, PL, SK, SL, BG, RO, HR)
		",
"EAEC Council: Regulation No 9 defining the concentrations in ores as provided for in Article 197 (4) of the Treaty establishing the European Atomic Energy Community","","31960R0009(01)","","","","http://data.europa.eu/eli/reg/1960/9(1)/oj","Regulation","nuclear physics, uranium, thorium, nuclear technology","","Ore","Energy, Nuclear energy","","","https://eur-lex.europa.eu/legal-content/AUTO/?uri=CELEX:11957A197, https://eur-lex.europa.eu/legal-content/AUTO/?uri=CELEX:11957A161","","","","ALL_ALL, PUBLISHED_IN_OJ, EU_LAW_ALL, LEGISLATION","1960-02-02","1960-02-22, 1986-01-01, 1995-01-01, 1972-01-01","Council of the European Union","1960-03-14","No end date","","","","true","OJ 12, 22/02/1960, p. 482–482
		 (DE, FR, IT, NL), English special edition: Series I Volume 1959-1962 P. 43  - 43, Other special edition(s) (
           		DA, ES, PT, FI, SV)
		",
"EAEC Council: Regulation No 3 implementing Article 24 of the Treaty establishing the European Atomic Energy Community","","31958R0003(01)","","","","http://data.europa.eu/eli/reg/1958/3(1)/oj","Regulation","application of EU law, dissemination of EU information, joint venture, confidentiality, EAEC","","Dissemination of information, Security system, Nuclear common market","Energy, Nuclear energy, Nuclear research","","","https://eur-lex.europa.eu/legal-content/AUTO/?uri=CELEX:11957A024, https://eur-lex.europa.eu/legal-content/AUTO/?uri=CELEX:11957A025, https://eur-lex.europa.eu/legal-content/AUTO/?uri=CELEX:11957A217","","","","ALL_ALL, PUBLISHED_IN_OJ, EU_LAW_ALL, LEGISLATION","1958-07-31","1958-10-06, 2004-05-01, 1986-01-01, 1980-12-31, 2007-01-01, 1995-01-01, 1972-01-01, 2012-09-14","Council of the European Union","1958-11-15","No end date","","","","true","OJ 17, 06/10/1958, p. 406–416
		 (DE, FR, IT, NL), English special edition: Series I Volume 1952-1958 P. 63  - 70, Other special edition(s) (
           		DA, EL, ES, PT, FI, SV, CS, ET, LV, LT, HU, MT, PL, SK, SL, BG, RO, HR)
		",
"Regulation No 7/63/Euratom of the Council of 3 December 1963 on rules of procedure of the Arbitration Committee provided for in Article 18 of the Treaty establishing the European Atomic Energy Community","","31963R0007","","","","http://data.europa.eu/eli/reg/1963/7/oj","Regulation","court of arbitration, committee (EU), comitology, power of decision, administrative procedure, ECSC","","Nuclear common market","Energy, General principles and programmes, General","","","https://eur-lex.europa.eu/legal-content/AUTO/?uri=CELEX:11957A018","","","","ALL_ALL, PUBLISHED_IN_OJ, EU_LAW_ALL, LEGISLATION","1963-12-03","1963-12-10, 1972-01-01, 2004-05-01, 2007-01-01, 1995-01-01, 2012-09-14, 1986-01-01, 1980-12-31","Council of the European Union","1963-12-30","No end date","","","","true","OJ 180, 10/12/1963, p. 2849–2853
		 (DE, FR, IT, NL), English special edition: Series I Volume 1963-1964 P. 56  - 61, Other special edition(s) (
           		DA, EL, ES, PT, FI, SV, CS, ET, LV, LT, HU, MT, PL, SK, SL, BG, RO, HR)
		",
"Council Regulation (EC) No 2964/95 of 20 December 1995 introducing registration for crude oil imports and deliveries in the Community","","31995R2964","","","","http://data.europa.eu/eli/reg/1995/2964/oj","Regulation","import, delivery, crude oil, exchange of information","","Protocol on Ireland/Northern Ireland, Energy, Annex 2 Provisions of Union law referred to in Article 5(4), Other","Energy, Oil and gas, Other measures relating to oil or gas","","","https://eur-lex.europa.eu/legal-content/AUTO/?uri=CELEX:11992E213","","","","ALL_ALL, PUBLISHED_IN_OJ, EU_LAW_ALL, LEGISLATION","1995-12-20","1995-12-22, 2004-05-01, 2007-01-01, 2012-05-16","Council of the European Union","1995-12-22","No end date","","","","true","OJ L 310, 22/12/1995, p. 5–6
		 (ES, DA, DE, EL, EN, FR, IT, NL, PT, FI, SV), This document has been published in a special edition(s) (
           		CS, ET, LV, LT, HU, MT, PL, SK, SL, BG, RO, HR)
		",
"Council Regulation (Euratom) No 1493/93 of 8 June 1993 on shipments of radioactive substances between Member States","","31993R1493","","","","http://data.europa.eu/eli/reg/1993/1493/oj","Regulation","customs formalities, nuclear safety, transport of dangerous goods, intra-EU transport, radioactive waste, radioactive materials","","Nuclear common market, Public health, Environment","Environment, consumers and health protection, Environment, consumers and health protection, Energy, Environment, Health protection, Nuclear energy, Pollution and nuisances, Safeguards, Nuclear safety and radioactive waste","","","https://eur-lex.europa.eu/legal-content/AUTO/?uri=CELEX:11957A032, https://eur-lex.europa.eu/legal-content/AUTO/?uri=CELEX:11957A031","","","","ALL_ALL, PUBLISHED_IN_OJ, EU_LAW_ALL, LEGISLATION","1993-06-08","1993-06-19, 2004-05-01, 1995-01-01, 2007-01-01, 2012-05-16","Council of the European Union","1993-07-09","No end date","","","","true","OJ L 148, 19/06/1993, p. 1–7
		 (ES, DA, DE, EL, EN, FR, IT, NL, PT), This document has been published in a special edition(s) (
           		FI, SV, CS, ET, LV, LT, HU, MT, PL, SK, SL, BG, RO, HR)
		",
"Council Regulation (EEC) No 1890/84 of 26 June 1984 introducing special measures of Community interest relating to energy strategy","","31984R1890","","","","http://data.europa.eu/eli/reg/1984/1890/oj","Regulation","power plant, United Kingdom, Germany, project of common interest, energy policy, balance of payments assistance","","Energy, Provisions under Article 235 EEC","Energy, General principles and programmes, General","","","https://eur-lex.europa.eu/legal-content/AUTO/?uri=CELEX:11957E235","","","","ALL_ALL, PUBLISHED_IN_OJ, EU_LAW_ALL, LEGISLATION","1984-06-26","1984-07-04, 1995-01-01","Council of the European Union","1984-07-04","No end date","","","","true","OJ L 177, 04/07/1984, p. 7–9
		 (DA, DE, EL, EN, FR, IT, NL), This document has been published in a special edition(s) (
           		FI, SV)
		",
"Council Regulation (EEC) No 625/83 of 15 March 1983 establishing specific measures of Community interest relating to energy strategy","","31983R0625","","","","http://data.europa.eu/eli/reg/1983/625/oj","Regulation","United Kingdom, Germany, energy resources, energy policy, development plan","","Financial provisions, Energy, Provisions under Article 235 EEC","Energy, General principles and programmes, General","","","https://eur-lex.europa.eu/legal-content/AUTO/?uri=CELEX:11957E235","","","","ALL_ALL, PUBLISHED_IN_OJ, EU_LAW_ALL, LEGISLATION","1983-03-15","1983-03-19, 1995-01-01","Council of the European Union","1983-03-19","No end date","","","","true","OJ L 73, 19/03/1983, p. 8–10
		 (DA, DE, EL, EN, FR, IT, NL), This document has been published in a special edition(s) (
           		FI, SV)
		",
